2022/01/15 05:28:39,ç”°ä¸­å¤ªéƒ,ãƒ†ã‚¹ãƒˆ(æ ª),çµŒç†éƒ¨,test@test.com,on,on
2022/01/15 05:28:58,ç”°ä¸­å¤ªéƒ2,ãƒ†ã‚¹ãƒˆ2(æ ª),çµŒç†éƒ¨2,test@test.com2,on,on
2022/01/15 05:34:09,ç”°ä¸­å¤ªéƒ,ãƒ†ã‚¹ãƒˆ(æ ª),çµŒç†éƒ¨,test@test.com,on,on
2022/01/15 05:36:29,ç”°ä¸­å¤ªéƒ3,ãƒ†ã‚¹ãƒˆ(æ ª)3,çµŒç†éƒ¨3,test@test.com3,on,on
2022/01/15 05:55:13,ç”°ä¸­å¤ªéƒ,ãƒ†ã‚¹ãƒˆ(æ ª),çµŒç†éƒ¨,test@test.com,on,on
2022/01/15 05:55:23,ç”°ä¸­å¤ªéƒ,ãƒ†ã‚¹ãƒˆ(æ ª),çµŒç†éƒ¨,test@test.com,on,on
2022/01/15 05:57:41,ç”°ä¸­å¤ªéƒ,ãƒ†ã‚¹ãƒˆ(æ ª),çµŒç†éƒ¨,test@test.com,on,on
ƒeƒXƒg(Š”),“c’†‘¾˜Y,Œo—•”,test@test.com,on,on
ƒeƒXƒg(Š”),“c’†‘¾˜Y,Œo—•”,test@test.com,on,on
ƒeƒXƒg(Š”),“c’†‘¾˜Y,Œo—•”,test@test.com,on,on
ƒeƒXƒg(Š”),“c’†‘¾˜Y,Œo—•”,test@test.com,on,on
ƒeƒXƒg(Š”),“c’†‘¾˜Y,Œo—•”,test@test.com,on,on
ƒeƒXƒg(Š”),“c’†‘¾˜Y,Œo—•”,test@test.com,on,on
ƒeƒXƒg(Š”),“c’†‘¾˜Y,Œo—•”,test@test.com,on,on
